category,total_profit_by_category
Electronics,87616.16659209998
Clothing,90082.119920033
"Home Goods",84570.41997355992
Sports,86764.25493505999
Books,92304.45214036
