category,revenue,ranking
Books,376856.79306700005,1
Electronics,362988.4599983999,2
Clothing,358852.0516584597,3
"Home Goods",344634.2901505005,4
Sports,341349.8803514,5
