region,total_profit_by_region
North,109461.90114265993
East,97393.90200460005
South,114920.02798905289
West,119015.96469849994
Nan,545.6177263
